feature1 ,feature2,label,
4.8,1.4,-1,0.989123328
4.4,1.3,-1,0.146914899
5.6,4.2,1,0.58757037
5.1,1.9,-1,0.798232647
5.7,4.1,1,0.283219742
6.2,4.3,1,0.010902458
5,1.4,-1,0.945918447
4.5,1.3,-1,0.289866689
5.7,4.2,1,0.930803773
5.5,4.4,1,0.207390412
5.3,1.5,-1,0.294441433
4.6,1.4,-1,0.296382433
5.8,4,1,0.270547947
5,1.3,-1,0.145510693
5,3.3,1,0.114983979
5.7,4.2,1,0.395542629
6.1,4.6,1,0.031798446
5.1,3,1,0.30866261
5.1,1.6,-1,0.408827877
5,1.6,-1,0.48057535
